,muN,muEE,muLE,muLL,muM,muP,muPE,muPL,deltaNE,deltaEL,deltaLM,rhoE,rhoP,n,e,s,m,p
0,0.070916,0.1406,0.2213,0.0,0.16123,0.40865,0.052417,0.0017182,0.64311,0.71528,1.1848,0.8575,0.38341,0.167,0.333,0.24905,0.91795,0.833
