,lm,d,beta,a,k,uu,c,q,b,h,x,yy,vv,w,z
0,0.042336,0.0,0.8833,0.32401,0.062163,0.45384,0.26909,0.67519,0.82676,0.90261,0.167,0.80339,0.029615,0.667,0.833
