,lm,d,beta,a,k,u,c,q,b,h,x,y,v,w,z
0,0.0664676,0.109885,0.138485,0.318866,0.43335,0.556051,0.592705,0.726761,0.820638,0.906498,0.167165,0.34847,0.484355,0.667024,0.833046
