,muN,muEE,muLE,muLL,muM,muP,muPE,muPL,deltaNE,deltaEL,deltaLM,rhoE,rhoP,n,e,s,m,p
0,0.071,0.143,0.19832,0.2794,0.36544,0.424,0.43826,0.50869,0.643,0.714,0.78668,0.857,0.86206,0.167,0.333,0.50187,0.66513,0.833
