,muN,muEE,muLE,muLL,muM,muP,muPE,muPL,deltaNE,deltaEL,deltaLM,rhoE,rhoP,n,e,s,m,p
0,0.071,0.14305,0.013397,0.47315,0.15047,0.40834,0.051128,0.0,0.643,0.71397,1.3031,0.85699,0.38201,0.167,0.333,0.25307,0.91393,0.833
