,muN,muEE,muLE,muLL,muM,muP,muPE,muPL,deltaNE,deltaEL,deltaLM,rhoE,rhoP,n,e,s,m,p
0,0.069037,0.12353,0.16274,0.50537,0.41046,0.31185,1.3573,0.80352,0.64548,0.72249,0.70229,0.85804,1.4216,0.167,0.333,0.65701,0.51,0.83301
