,lm,d,beta,a,k,uu,c,q,b,h,x,yy,vv,w,z
0,0.2177,0.32705,1.1307,1.1947,2.1628,0.78218,0.61028,1.1806,0.82809,0.88823,0.16688,0.18017,0.65245,0.66711,0.833
