,lm,d,beta,a,k,uu,c,q,b,h,x,yy,vv,w,z
0,0.040859,0.0001,1.1486,0.30837,0.045794,0.50197,0.26287,0.69653,0.8227,0.9057,0.167,0.81804,0.014961,0.667,0.833
