,lm,d,beta,a,k,uu,c,q,b,h,x,yy,vv,w,z
0,0.053913,0.034375,0.72586,0.33871,0.082181,0.44638,0.2887,0.66765,0.82839,0.90132,0.167,0.74904,0.083967,0.667,0.833
