,lm,d,beta,a,k,uu,c,q,b,h,x,yy,vv,w,z
0,0.092196,0.17858,0.35613,0.35135,0.34202,0.58525,0.49996,0.72863,0.81775,0.90918,0.167,0.4232,0.4098,0.667,0.833
