,mu_N,mu_EE,mu_LE,mu_LL,mu_M,mu_P,mu_PE,mu_PL,delta_NE,delta_EL,delta_LM,rho_E,rho_P,N,E,S,M,P
0,0.0809414,0.216222,0.2195,0.463827,0.354415,0.591879,0.540563,0.545294,0.630411,0.702229,0.731589,0.879702,1.1899,0.166988,0.332953,0.604288,0.562746,0.833167
