,muN,muEE,muLE,muLL,muM,muP,muPE,muPL,deltaNE,deltaEL,deltaLM,rhoE,rhoP,n,e,s,m,p
0,0.071,0.14289,0.31089,0.0,0.16659,0.53092,0.93657,1.0091,0.643,0.71406,1.127,0.85703,1.2046,0.167,0.333,0.26532,0.90167,0.833
