,muN,muEE,muLE,muLL,muM,muP,muPE,muPL,deltaNE,deltaEL,deltaLM,rhoE,rhoP,n,e,s,m,p
0,0.094419,6.7969e-06,5.6326e-05,4.9969e-06,0.091492,0.34578,0.45283,0.29185,0.61338,0.84849,1.9994,0.97389,0.51295,0.16697,0.33304,0.13074,1.036,0.83301
