,muN,muEE,muLE,muLL,muM,muP,muPE,muPL,deltaNE,deltaEL,deltaLM,rhoE,rhoP,n,e,s,m,p
0,0.071,0.143,0.37255,0.24355,0.29747,0.42007,0.15058,0.12192,0.643,0.714,0.79679,0.857,0.50368,0.167,0.333,0.46336,0.70364,0.833
