,lm,d,beta,a,k,uu,c,q,b,h,x,yy,vv,w,z
0,0.072122,0.15615,0.061709,0.88671,0.4077,0.26709,1.6151,1.6988,0.85422,0.86168,0.16702,0.03453,0.79873,0.66717,0.83308
