,lm,d,beta,a,k,uu,c,q,b,h,x,yy,vv,w,z
0,0.36951,0.99838,2.0,0.5623,0.0001,0.39211,1.8551,0.41514,0.77836,0.99741,0.16696,0.34173,0.49136,0.66697,0.83305
