,muN,muEE,muLE,muLL,muM,muP,muPE,muPL,deltaNE,deltaEL,deltaLM,rhoE,rhoP,n,e,s,m,p
0,0.070998,0.1428,0.40441,0.0,0.17417,0.45451,0.32777,0.32534,0.643,0.71412,1.0626,0.85706,0.65949,0.167,0.333,0.28533,0.88167,0.833
