,mu_N,mu_EE,mu_LE,mu_LL,mu_M,mu_P,mu_PE,mu_PL,delta_NE,delta_EL,delta_LM,rho_E,rho_P,N,E,S,M,P
0,0.0672322,0.169147,0.266862,0.32617,0.481686,0.461809,0.378929,0.535888,0.647759,0.697803,0.63465,0.846534,0.999042,0.167003,0.332973,0.656953,0.509889,0.833005
