,muN,muEE,muLE,muLL,muM,muP,muPE,muPL,deltaNE,deltaEL,deltaLM,rhoE,rhoP,n,e,s,m,p
0,0.071,0.14304,0.26245,0.35656,0.32491,0.40834,0.051128,0.0,0.643,0.71397,0.78199,0.85699,0.38201,0.167,0.333,0.50728,0.65972,0.833
